Iteration,T_0_0_0,T_0_0_1,T_0_0_2,T_0_1_0,T_0_1_1,T_0_1_2,T_0_2_0,T_0_2_1,T_0_2_2
0,0.0,0.8333333321217615,0.8333333321217615,-1.6666666653314977,0.0,-1.6666666653314977,-0.8333333321217615,-0.8333333321217615,0.0
1,0.0,2.2916666643244756,1.4583333311147397,-2.4999999974292493,0.0,-0.8333333331857259,-1.73611110856581,0.7638888888874494,0.0
2,0.0,3.3622685151488323,2.1817129596805245,-3.425925922472784,0.0,-1.0648148149139958,-2.3437499965536195,1.1979166664734757,0.0
3,0.0,4.244309409142107,2.7801890387912227,-4.278549378537027,0.0,-1.350308642143158,-2.901716816769492,1.490644289975261,0.0
4,0.0,5.0018084443330055,3.292221252908323,-5.027970673981506,0.0,-1.6087962965378628,-3.394298155877894,1.7344634129904315,0.0
5,0.0,5.658359181978799,3.7355759385097134,-5.680485891078157,0.0,-1.8349194100722974,-3.82365410648367,1.944695617991275,0.0
6,0.0,6.228456288377587,4.120471115078163,-6.24757756514486,0.0,-2.031607224544587,-4.196884784060696,2.1270707298390046,0.0
7,0.0,6.723659251475983,4.454788811124179,-6.740253236427665,0.0,-2.2025123597854983,-4.521152844827264,2.285458472166708,0.0
8,0.0,7.153836293894679,4.745204439134269,-7.168248742897254,0.0,-2.350985036515242,-4.802852249822909,2.4230433113195144,0.0
9,0.0,7.527530966086397,4.997488034227747,-7.540050630787045,0.0,-2.479964769805589,-5.047566361781401,2.5425624310587085,0.0
10,0.0,7.852160234214114,5.216647207267197,-7.863036019429239,0.0,-2.5920099678986825,-5.2601502937246485,2.64638878475283,0.0
11,0.0,8.13416642898208,5.407031276762719,-8.14361423692015,0.0,-2.689343933932882,-5.444822499518021,2.7365829556886156,0.0
12,0.0,8.379145884299923,5.572418371004186,-8.387353215668083,0.0,-2.7738981898832695,-5.6052476950751275,2.8149348440054305,0.0
13,0.0,8.59196012594151,5.71609053686356,-8.599089854513124,0.0,-2.8473506765741843,-5.744609449437696,2.8829993175792,0.0
14,0.0,8.776832370475198,5.840898893266166,-8.783025982457339,0.0,-2.9111590291957428,-5.8656733412575734,2.942127089213058,0.0
15,0.0,8.937431334414892,5.949320213082788,-8.94281174003787,0.0,-2.9665894986647583,-5.970841835717292,2.9934915269879294,0.0
16,0.0,9.076944041212665,6.043506074764378,-9.081618012536035,0.0,-3.014742080997829,-6.062201960183998,3.038111937802499,0.0
17,0.0,9.198139065651496,6.1253255596775125,-9.202199355799094,0.0,-3.0565723452507614,-6.141566720373562,3.0768737961487584,0.0
18,0.0,9.30342147492759,6.19640234292824,-9.306948659136308,0.0,-3.09291039655942,-6.210511078721078,3.110546315855164,0.0
19,0.0,9.394880557776444,6.258146916061619,-9.397944630909972,0.0,-3.124477349286194,-6.270403208542871,3.1397977147957334,0.0
20,0.0,9.474331283214218,6.311784575339582,-9.476993050892224,0.0,-3.1518996371123933,-6.322431646105215,3.165208475549252,0.0
21,0.0,9.543350319756579,6.3583797391358985,-9.545662603745093,0.0,-3.1757214446025412,-6.3676288751499275,3.187282864613306,0.0
22,0.0,9.603307323041532,6.398857070156512,-9.605316009345948,0.0,-3.19641550578252,-6.406891816888886,3.206458939559566,0.0
23,0.0,9.655392115875339,6.434019825141174,-9.657137066796805,0.0,-3.2143924868943254,-6.440999628919323,3.2231172417173237,0.0
24,0.0,9.700638300993296,6.464565795052692,-9.702154144096307,0.0,-3.2300091335585095,-6.470629167424506,3.2375883490538984,0.0
25,0.0,9.73994377100357,6.491101152696988,-9.74126058756342,0.0,-3.243575352116473,-6.496368418885385,3.2501594348681477,0.0
26,0.0,9.774088527477957,6.514152481799543,-9.775232449196107,0.0,-3.255360358852333,-6.5187281686253415,3.26107996739685,0.0
27,0.0,9.803750159671416,6.534177226914548,-9.804743887223447,0.0,-3.2655980225897525,-6.538152137081619,3.2705666603089507,0.0
28,0.0,9.82951729100333,6.551572771229224,-9.830380544521377,0.0,-3.274491505737656,-6.5550257852656735,3.278807773292163,0.0
29,0.0,9.851901260056174,6.566684322475709,-9.852651170466602,0.0,-3.282217295969792,-6.569683964086383,3.2859668479909003,0.0
30,0.0,9.871346267888208,6.579811763442432,-9.871997716868046,0.0,-3.2889287085534105,-6.5824175593348055,3.2921859534256197,0.0
31,0.0,9.888238193028718,6.591215603030042,-9.888804108326633,0.0,-3.294758928830449,-6.593479264198274,3.2975885052966007,0.0
32,0.0,9.902912249085531,6.601122145948003,-9.903403861067943,0.0,-3.299823655228252,-6.603088593857288,3.3022817151199435,0.0
33,0.0,9.915659636927204,6.60972798364254,-9.916086701440461,0.0,-3.3042233952493323,-6.611436241677876,3.306358717797927,0.0
34,0.0,9.926733323449655,6.617203895576497,-9.927104315420978,0.0,-3.308045460003214,-6.6186878634464446,3.309900419844489,0.0
35,0.0,9.936353061604677,6.62369823828061,-9.936675343223772,0.0,-3.311365696861045,-6.624987364743641,3.3129771049431667,0.0
36,0.0,9.944709751310826,6.629339889430474,-9.944989718129607,0.0,-3.314249994616834,-6.630459756694001,3.3156498286991396,0.0
37,0.0,9.951969227787158,6.634240805373296,-9.952212435636982,0.0,-3.3167555910246396,-6.635213636762524,3.3179716302636924,0.0
38,0.0,9.958275552487907,6.638498242857568,-9.95848682773286,0.0,-3.318932208659282,-6.639343343828631,3.3199885848752975,0.0
39,0.0,9.96375387194537,6.642196689054962,-9.963937407259555,0.0,-3.320823041641272,-6.6429308303041035,3.321740718204599,0.0
40,0.0,9.968512901253591,6.645409538175016,-9.9686723388231,0.0,-3.3224656128071417,-6.6460472884464545,3.3232628006480924,0.0
41,0.0,9.972647081476627,6.648200547944333,-9.972785585277293,0.0,-3.3238925183353625,-6.64875456314127,3.3245850373329664,0.0
42,0.0,9.976238453794297,6.65062510485359,-9.976358772379548,0.0,-3.325132074604686,-6.651106379189614,3.3257336675259626,0.0
43,0.0,9.979358287577126,6.652731323280647,-9.979462808621944,0.0,-3.3262088801215426,-6.653149407455587,3.3267314853413024,0.0
44,0.0,9.982068494698954,6.654561000301436,-9.982159292382345,0.0,-3.3271443036677186,-6.654924191031242,3.3275982920809115,0.0
45,0.0,9.984422858153708,6.6561504451365066,-9.984501734319974,0.0,-3.3279569083554166,-6.656465949798297,3.3283512891834715,0.0
46,0.0,9.986468099357767,6.657531199693196,-9.986536619273386,0.0,-3.328662820004926,-6.657805279352843,3.329005419580194,0.0
47,0.0,9.988244805318063,6.658730664502389,-9.988304328733806,0.0,-3.3292760471551706,-6.658968758162894,3.3295736642314187,0.0
48,0.0,9.98978823406529,6.659772642471262,-9.989839942199918,0.0,-3.3298087590576557,-6.659979475007637,3.330067299728657,0.0
49,0.0,9.991129014335634,6.660677811242616,-9.991173933316732,0.0,-3.3302715271704773,-6.660857487165156,3.3304961220741194,0.0
50,0.0,9.992293753385988,6.661464133534554,-9.992332774613068,0.0,-3.330673534944748,-6.661620218441246,3.330868641078517,0.0
51,0.0,9.99330556500452,6.662147213603558,-9.99333946283847,0.0,-3.331022760066564,-6.662282804937962,3.331192249234918,0.0
52,0.0,9.994184528194667,6.662740606904825,-9.994213975324671,0.0,-3.3313261327710566,-6.662858395423617,3.3314733684198528,0.0
53,0.0,9.994948085635093,6.66325608909493,-9.994973666427855,0.0,-3.331589673370179,-6.6633584122649205,3.3317175773329306,0.0
54,0.0,9.995611389822756,6.663703889715109,-9.995633611919045,0.0,-3.331818611723421,-6.6637927780993405,3.3319297222039435,0.0
55,0.0,9.996187603768268,6.664092895192464,-9.99620690815684,0.0,-3.332017491022322,-6.664170112745951,3.332114012964381,0.0
